Region,Year,NACE_Code,Sector_Name,GVA_Value,Employment_Value,Productivity,GVA_Share,Employment_Share
Riyadh,2023,A,Agriculture,2.0750099999999754,5.078092115358084,408.61999996501737,9.999999999999883e-05,0.008575249431278353
Riyadh,2023,B-E,Industry,16.50382500000063,71.02926993516614,232.3524515325152,0.00010000000000000383,0.11994538357693806
Riyadh,2023,F,Construction,16.5038250000001,82.35157064784443,200.40692448447055,0.00010000000000000059,0.13906507470138912
Riyadh,2023,G-I,"Wholesale, retail, transport, accommodation and food",15.363260000000105,131.56400000000087,116.77404153111796,0.00010000000000000068,0.22216889543311438
Riyadh,2023,J,Information and communication,6.3379749999998625,15.572191711500938,407.00597047741917,9.999999999999784e-05,0.026296377671831503
Riyadh,2023,K,Financial and insurance activities,6.79476666666635,33.58166666666509,202.33559978162694,9.999999999999533e-05,0.0567085356946883
Riyadh,2023,L,Real estate activities,6.7947666666670425,33.58166666666852,202.33559978162694,0.00010000000000000552,0.05670853569469408
Riyadh,2023,M_N,"Professional, scientific, technical, administration and support",6.794766666666823,30.058187294441694,226.05377363934713,0.0001000000000000023,0.05075852261962041
Riyadh,2023,O-Q,"Public administration, defence, education, health and social work",20.72127999999963,72.954546748359,284.03000119339,9.999999999999823e-05,0.12319655124430937
Riyadh,2023,R-U,Other services,9.025285000000467,116.40891400026725,77.53087534155458,0.00010000000000000517,0.19657687393213652
Riyadh,2024,A,Agriculture,3.5524566695017987,10.399690784849076,341.5925283737514,0.0001281939416482856,0.012200113758005891
Riyadh,2024,B-E,Industry,24.58377936599343,113.87539811789438,215.88314747793038,0.00012837298350020263,0.13358981916082838
Riyadh,2024,F,Construction,24.58396424483947,132.02850636469253,186.20194169987056,0.00012837394891112254,0.15488564326311646
Riyadh,2024,G-I,"Wholesale, retail, transport, accommodation and food",21.228659298250605,184.18515524447014,115.25716755008659,0.0001283730473244539,0.216071794152976
Riyadh,2024,J,Information and communication,8.619221044164359,24.417862703847835,352.9883490910987,0.00012837081733824463,0.028645150021990404
Riyadh,2024,K,Financial and insurance activities,9.399933789881729,46.120311872817894,203.8133179975698,0.0001283389472293164,0.05410478667527553
Riyadh,2024,L,Real estate activities,9.401923791342773,46.13007571691108,203.81331799756987,0.00012836611706882846,0.054116240862819825
Riyadh,2024,M_N,"Professional, scientific, technical, administration and support",9.402451549640757,41.29230102970994,227.70471286828175,0.00012837332264557707,0.04844093736192715
Riyadh,2024,O-Q,"Public administration, defence, education, health and social work",27.34931301396139,93.84268348316543,291.43788304889665,0.0001283676853291594,0.11008898606092295
Riyadh,2024,R-U,Other services,12.608126046628906,160.13373718973298,78.73497657579979,0.00012836121231950815,0.18785652868213745
Riyadh,2025,A,Agriculture,4.716506588656583,15.156347917377007,311.1901768399648,0.00016426162954889264,0.012599939221143141
Riyadh,2025,B-E,Industry,33.34172720850382,165.89156470436208,200.98506676890187,0.00016478546606444745,0.137910771379088
Riyadh,2025,F,Construction,33.34229974534896,192.33853190671925,173.35215889824602,0.00016478829572441904,0.15989695044741173
Riyadh,2025,G-I,"Wholesale, retail, transport, accommodation and food",28.974038929977482,257.0557317503665,112.71500826954883,0.00016478565313432983,0.21369835359794392
Riyadh,2025,J,Information and communication,11.750893181426443,37.51987906260118,313.19112627789417,0.00016477911715152136,0.03119143202244666
Riyadh,2025,K,Financial and insurance activities,12.744529811545707,65.45489600572121,194.70705156160886,0.00016468573922067464,0.05441467270969466
Riyadh,2025,L,Real estate activities,12.750690016891786,65.48653433261627,194.70705156160886,0.00016476534184126337,0.05444097462610022
Riyadh,2025,M_N,"Professional, scientific, technical, administration and support",12.752324295462335,58.62302273235169,217.5309921101158,0.00016478646010756768,0.048735125863695265
Riyadh,2025,O-Q,"Public administration, defence, education, health and social work",36.00038600235923,125.60934910751162,286.6059434122675,0.00016476993787488983,0.10442292384614892
Riyadh,2025,R-U,Other services,17.21905457468681,219.7547002335504,78.3557965148722,0.00016475096863184424,0.1826888562863274
Riyadh,2026,A,Agriculture,6.080947022437303,20.22353093015979,300.68671209974787,0.00021035385217738726,0.012486066299971982
Riyadh,2026,B-E,Industry,45.52120313051243,232.44261748063263,195.83845520198253,0.00021150847570638193,0.14351074215600756
Riyadh,2026,F,Construction,45.52254857179507,269.50270530537506,168.9131414106334,0.0002115147271280332,0.16639174722186537
Riyadh,2026,G-I,"Wholesale, retail, transport, accommodation and food",38.50840817491146,340.69217311107303,113.02991736871185,0.00021150888898543738,0.2103443298817047
Riyadh,2026,J,Information and communication,15.85446994562935,52.57586822587067,301.5541251267049,0.00021149444994436465,0.03246049261693515
Riyadh,2026,K,Financial and insurance activities,17.081070608333356,87.18316761869768,195.921656380263,0.00021128825318778312,0.053827139033630095
Riyadh,2026,L,Real estate activities,17.09528009872051,87.25569400832546,195.92165638026296,0.0002114640207653216,0.05387191703567719
Riyadh,2026,M_N,"Professional, scientific, technical, administration and support",17.099051483121833,78.11782013868576,218.8879752758742,0.00021151067177687272,0.0482301673644094
Riyadh,2026,O-Q,"Public administration, defence, education, health and social work",46.80160295916242,163.55296160364796,286.1556434091411,0.000211474172835186,0.1009780700112285
Riyadh,2026,R-U,Other services,22.644650345391508,288.14139565531036,78.58867447314029,0.00021143227475874695,0.17789932837857
Riyadh,2027,A,Agriculture,7.916361989223198,26.46161603410984,299.16396561036794,0.0002691783156526765,0.0122137872410851
Riyadh,2027,B-E,Industry,62.05790872911218,321.15222676185294,193.23518119377874,0.0002714500616496382,0.1482330090729827
Riyadh,2027,F,Construction,62.06072896100985,372.3618759005639,166.66778469443162,0.0002714623977424613,0.17186965161456408
Riyadh,2027,G-I,"Wholesale, retail, transport, accommodation and food",52.13352536032609,449.36521108781295,116.0159355329765,0.00027145087717184336,0.2074117874999418
Riyadh,2027,J,Information and communication,21.710927347849296,71.9471469835494,301.76217206796906,0.0002714223856752271,0.033208370370404354
Riyadh,2027,K,Financial and insurance activities,23.08832782293974,115.87277998905864,199.25583752387635,0.0002710157408234327,0.053482957352080474
Riyadh,2027,L,Real estate activities,23.11785599726757,116.02097225632055,199.25583752387632,0.0002713623488628711,0.053551357891971074
Riyadh,2027,M_N,"Professional, scientific, technical, administration and support",23.12569759074884,103.88296300625308,222.61299563968754,0.00027145439516795047,0.04794886323255395
Riyadh,2027,O-Q,"Public administration, defence, education, health and social work",61.19007734337026,212.29701498836724,288.2286279282973,0.0002713823778786177,0.09798912393116803
Riyadh,2027,R-U,Other services,30.403379897351687,377.17470716172704,80.60821502624023,0.00027129972384358356,0.17409109179324844
Riyadh,2028,A,Agriculture,10.33219325625421,34.392919580348654,300.4162886525573,0.000344124489210314,0.011921938795065649
Riyadh,2028,B-E,Industry,84.42088983971627,438.1796908628283,192.66271714574773,0.0003483310646791248,0.15189031694454563
Riyadh,2028,F,Construction,84.4264468329088,508.060424630948,166.17402722173384,0.0003483539935224341,0.1761137280740219
Riyadh,2028,G-I,"Wholesale, retail, transport, accommodation and food",70.82090767716632,592.1305534979753,119.60353550208838,0.00034833258044471754,0.20525574169413519
Riyadh,2028,J,Information and communication,29.921260029755583,98.59558391762958,303.47464704659507,0.00034827962731174346,0.03417710770915084
Riyadh,2028,K,Financial and insurance activities,31.199894689017178,153.0705957508075,203.82683255384524,0.000347524396655332,0.0530602896215903
Riyadh,2028,L,Real estate activities,31.257681366689898,153.3541044378076,203.82683255384518,0.0003481680616578295,0.05315856488450853
Riyadh,2028,M_N,"Professional, scientific, technical, administration and support",31.273038496088553,137.3312153765668,227.71981162721696,0.0003483391191944597,0.04760440126481436
Riyadh,2028,O-Q,"Public administration, defence, education, health and social work",80.61088005818647,276.93257096320514,291.08486509120985,0.0003482052788665179,0.09599572242392447
Riyadh,2028,R-U,Other services,40.862123474423576,492.79516491782533,82.91908359376339,0.0003480517099466287,0.1708221885882431
Riyadh,2029,A,Agriculture,13.464935830276984,44.618118288109905,301.781795084469,0.0004394040728946598,0.01168864078716608
Riyadh,2029,B-E,Industry,114.30137573144401,591.2660848603523,193.3163065803786,0.0004469075027220523,0.15489440480076058
Riyadh,2029,F,Construction,114.31188652211867,685.578893551793,166.73775636513642,0.0004469485989134322,0.17960159965161868
Riyadh,2029,G-I,"Wholesale, retail, transport, accommodation and food",95.27129268181292,776.8707380658748,122.63467783456967,0.00044691021941700715,0.20351739032733798
Riyadh,2029,J,Information and communication,40.594824810572625,132.72125184738576,305.86529470993855,0.0004468153174892451,0.03476908254287592
Riyadh,2029,K,Financial and insurance activities,41.813626600309235,200.50588775194575,208.54064221814087,0.00044546304820771175,0.05252667274112463
Riyadh,2029,L,Real estate activities,41.92179350724805,201.02457277079048,208.5406422181409,0.0004466154084308694,0.0526625530314545
Riyadh,2029,M_N,"Professional, scientific, technical, administration and support",41.950566150885116,180.05602548634104,232.9861832592071,0.00044692193887516877,0.047169407501335844
Riyadh,2029,O-Q,"Public administration, defence, education, health and social work",105.98229420794075,361.8719640101494,292.87235472314256,0.00044668209048400083,0.09479986069668267
Riyadh,2029,R-U,Other services,54.60628712829743,642.7068827935954,84.96297237544006,0.0004464069776029024,0.16837038791964315
Riyadh,2030,A,Agriculture,17.521884610995336,57.741648514584895,303.45314104722013,0.0005602005190567691,0.011501972835521332
Riyadh,2030,B-E,Industry,154.42540022294165,791.5752784909398,195.0861837390102,0.0005732507090599794,0.1576795534019657
Riyadh,2030,F,Construction,154.44477312981516,917.8701315461276,168.26429777125122,0.0005733226242538904,0.18283713041052665
Riyadh,2030,G-I,"Wholesale, retail, transport, accommodation and food",127.05261464104179,1013.6561060306719,125.34094540066563,0.0005732554629198284,0.20191742522176476
Riyadh,2030,J,Information and communication,54.34922069165165,175.86251951492338,309.04379649263285,0.0005730894094685182,0.03503131577090427
Riyadh,2030,K,Financial and insurance activities,55.747305997205736,260.3690427783562,214.10881033449755,0.0005707260805300731,0.05186477584703703
Riyadh,2030,L,Real estate activities,55.94399255253349,261.2876717456578,214.1088103344975,0.0005727397051314268,0.05204776413538072
Riyadh,2030,M_N,"Professional, scientific, technical, administration and support",55.99637382686658,234.0916407152319,239.20706290826132,0.0005732759706757169,0.0466303917846945
Riyadh,2030,O-Q,"Public administration, defence, education, health and social work",139.10000275073128,472.3487324163505,294.48581779641984,0.0005728563405259459,0.0940905296074721
Riyadh,2030,R-U,Other services,72.57603248605774,835.3489309413599,86.8810981828532,0.000572375214798796,0.16639914098473294
Riyadh,2031,A,Agriculture,22.724428796045984,74.5909991152404,304.65376607890136,0.0007128139023078807,0.011343276882540694
Riyadh,2031,B-E,Industry,207.6614211869535,1050.5351664219927,197.67203214550682,0.0007350982077792352,0.15975803258996507
Riyadh,2031,F,Construction,207.6963834973424,1218.1990129015705,170.4946246858633,0.0007352219704481017,0.18525517643263362
Riyadh,2031,G-I,"Wholesale, retail, transport, accommodation and food",168.65556900723394,1319.4240792758014,127.82514102653388,0.000735106388620824,0.20064877578049187
Riyadh,2031,J,Information and communication,72.37891622618812,232.1145649895998,311.8241038834903,0.0007348206573808107,0.03529835784984889
Riyadh,2031,K,Financial and insurance activities,74.03679518848355,337.9278570612551,219.09053557269513,0.0007307601608763535,0.05138970243644654
Riyadh,2031,L,Real estate activities,74.38723677491804,339.5273857014058,219.09053557269516,0.000734219099765168,0.05163294755264014
Riyadh,2031,M_N,"Professional, scientific, technical, administration and support",74.48070783922627,304.28512203516243,244.77275570055463,0.0007351416806226629,0.04627355084961323
Riyadh,2031,O-Q,"Public administration, defence, education, health and social work",182.05265721211012,615.8945909040135,295.5906090113443,0.0007344197068177606,0.09366093708290234
Riyadh,2031,R-U,Other services,96.05027661563898,1083.290553691556,88.66529509403188,0.0007335923744467636,0.16473924254291752
Riyadh,2032,A,Agriculture,29.372450548183643,96.43414973046707,304.585570882094,0.0009047766046873081,0.011219821181527053
Riyadh,2032,B-E,Industry,277.83808202600585,1385.6718934080457,200.50784269186983,0.0009422898813735734,0.16121872701485981
Riyadh,2032,F,Construction,277.9001232882903,1606.911322662982,172.94054710359046,0.0009425002947670577,0.1869592643813572
Riyadh,2032,G-I,"Wholesale, retail, transport, accommodation and food",222.8435856167175,1717.014137981068,129.78552749643964,0.0009423037892050676,0.19976939339586475
Riyadh,2032,J,Information and communication,95.74259013448275,304.4658873256435,314.4608119335242,0.0009418180919254391,0.03542368363506635
Riyadh,2032,K,Financial and insurance activities,97.83373257043263,438.12651553941026,223.30018636279573,0.0009349291868452269,0.050974692813459496
Riyadh,2032,L,Real estate activities,98.44764713979333,440.8757947915255,223.30018636279573,0.0009407959429634363,0.05129456312571953
Riyadh,2032,M_N,"Professional, scientific, technical, administration and support",98.61171109520238,395.27554751712,249.47586997126695,0.0009423637884947387,0.045989112497677086
Riyadh,2032,O-Q,"Public administration, defence, education, health and social work",237.81264496594343,804.055515997095,295.7664492495101,0.0009411367479159696,0.09354942346380946
Riyadh,2032,R-U,Other services,126.70481173342196,1406.1502218418414,90.10759289107679,0.0009397316098906293,0.16360131849065918
Riyadh,2033,A,Agriculture,37.816222273090695,124.60607412550782,303.48618667658855,0.0011449001071170035,0.011102976518356834
Riyadh,2033,B-E,Industry,369.8054089971534,1817.381637180112,203.4825275174186,0.0012073047364867535,0.1619370948335898
Riyadh,2033,F,Construction,369.91397608788486,2107.6968789910215,175.50625034135217,0.0012076591757666497,0.18780552328195682
Riyadh,2033,G-I,"Wholesale, retail, transport, accommodation and food",293.5025629122588,2236.201149401161,131.25051965511096,0.0012073281625541443,0.19925584708748212
Riyadh,2033,J,Information and communication,126.22582028014321,399.68237449419377,315.8153282087672,0.0012065101928314616,0.0356135449251082
Riyadh,2033,K,Financial and insurance activities,129.02029407307447,569.9331625295215,226.3779378979223,0.001194936987698788,0.05078367619723238
Riyadh,2033,L,Real estate activities,130.08410961622857,574.6324523677115,226.37793789792227,0.0012047896434359058,0.05120240461872027
Riyadh,2033,M_N,"Professional, scientific, technical, administration and support",130.36911192429662,515.4673325307891,252.91440154747266,0.0012074292266265716,0.0459305192723169
Riyadh,2033,O-Q,"Public administration, defence, education, health and social work",310.3123127962312,1050.8501806638214,295.2964356919148,0.0012053631786307307,0.09363560293593268
Riyadh,2033,R-U,Other services,166.59170867485196,1826.3117636086288,91.21756317534835,0.0012029993340197268,0.162732810329304
Riyadh,2034,A,Agriculture,48.47058084502576,160.67354012060122,301.671207397583,0.0014431940340266286,0.010987225862397717
Riyadh,2034,B-E,Industry,489.58262610986515,2368.904445709164,206.67048305669496,0.0015459125679316752,0.16199112916730615
Riyadh,2034,F,Construction,489.77032633959084,2747.5686365495226,178.25590226370426,0.0015465052526567077,0.18788505661573512
Riyadh,2034,G-I,"Wholesale, retail, transport, accommodation and food",385.51274793078755,2911.4058792221176,132.4146353767035,0.001545951737146318,0.1990886237280618
Riyadh,2034,J,Information and communication,165.94496691464903,524.4275988355137,316.4306517870688,0.0015445843379763705,0.03586156421620973
Riyadh,2034,K,Financial and insurance activities,169.63214782463817,742.2506588476975,228.53755103159162,0.0015252979536284435,0.0507568055645742
Riyadh,2034,L,Real estate activities,171.45736591663723,750.2371717151027,228.53755103159162,0.0015417099454375068,0.05130294166552313
Riyadh,2034,M_N,"Professional, scientific, technical, administration and support",171.94789961221724,673.4414533948031,255.32716874708524,0.0015461207251844418,0.04605147398878636
Riyadh,2034,O-Q,"Public administration, defence, education, health and social work",404.3850717095858,1374.086338696093,294.29378658499553,0.0015426678293419302,0.09396318115824814
Riyadh,2034,R-U,Other services,218.39468992096516,2370.671991840457,92.1235374073896,0.0015387216668830736,0.16211199803315765
Riyadh,2035,A,Agriculture,61.6985499695306,205.95335460887821,299.57535815185463,0.0018105782503513575,0.01083891864425838
Riyadh,2035,B-E,Industry,645.6156088297893,3077.87651646771,209.76007496581525,0.0019779505172916804,0.16198256747224055
Riyadh,2035,F,Construction,645.9371263875535,3570.2773385678847,180.9207143125337,0.001978935539665676,0.1878966510823148
Riyadh,2035,G-I,"Wholesale, retail, transport, accommodation and food",504.1445523391056,3779.8295861437505,133.3775877587759,0.0019780156082639514,0.19892497236171183
Riyadh,2035,J,Information and communication,217.26109324485904,685.819098045137,316.7906724442953,0.0019757438625012417,0.036093305799785494
Riyadh,2035,K,Financial and insurance activities,222.2042143750454,963.8025461135884,230.54951999354614,0.0019438295898706304,0.05072302612546978
Riyadh,2035,L,Real estate activities,225.3069757349852,977.2606585400496,230.5495199935461,0.0019709723664319174,0.05143130002551242
Riyadh,2035,M_N,"Professional, scientific, technical, administration and support",226.14420985980382,877.974272922749,257.5749846370518,0.0019782964420352947,0.046206053472805896
Riyadh,2035,O-Q,"Public administration, defence, education, health and social work",525.393233949172,1794.4940002106525,292.78071360923855,0.0019725618665510244,0.09444067814690783
Riyadh,2035,R-U,Other services,284.8949963647181,3067.9950780800928,92.86031728023545,0.001966017432681995,0.1614625268689931
Riyadh,2036,A,Agriculture,77.92005208969098,261.9896338391075,297.41654640253086,0.002258294330725447,0.010637987287006774
Riyadh,2036,B-E,Industry,848.339285995311,3989.2323412575947,212.65727674509785,0.0025282245059389096,0.16198122921640526
Riyadh,2036,F,Construction,848.8856326943832,4628.107851092616,183.41958744413787,0.0025298527307967417,0.18792252106071805
Riyadh,2036,G-I,"Wholesale, retail, transport, accommodation and food",656.8222451707062,4894.421101114491,134.19814756461057,0.0025283320855211933,0.1987360671029022
Riyadh,2036,J,Information and communication,283.47446163091985,894.7634044158589,316.8149929153445,0.002524578668023797,0.036331520379544006
Riyadh,2036,K,Financial and insurance activities,289.9342683890349,1249.2009397427666,232.09578152313725,0.0024721150560561363,0.05072331878619849
Riyadh,2036,L,Real estate activities,295.1636652347058,1271.7321413499337,232.0957815231373,0.002516703337214157,0.05163818947304874
Riyadh,2036,M_N,"Professional, scientific, technical, administration and support",296.5819457204174,1143.768160653762,259.30250196062053,0.0025287962593855155,0.04644226175677642
Riyadh,2036,O-Q,"Public administration, defence, education, health and social work",680.3919875858596,2336.3993487838798,291.21390910334344,0.0025193255636644834,0.09486858775869529
Riyadh,2036,R-U,Other services,370.00657448146023,3958.129666155484,93.48015494420277,0.0025085370064089284,0.16071831717870474
Riyadh,2037,A,Agriculture,97.54163791121978,330.4228297221884,295.2024773628095,0.0027969273287446923,0.010369060430492325
Riyadh,2037,B-E,Industry,1110.5592782998713,5170.16569409994,214.8014868396216,0.003227516204433918,0.16224593368095777
Riyadh,2037,F,Construction,1111.4806434361353,5999.280338411926,185.26899573597123,0.003230193883118522,0.18826453493168066
Riyadh,2037,G-I,"Wholesale, retail, transport, accommodation and food",852.661782264254,6321.90493729326,134.87418598061416,0.003227693092568209,0.19838887762609
Riyadh,2037,J,Information and communication,368.6402894966899,1166.5081053386068,316.0203412300193,0.0032215240836061913,0.0366064083619307
Riyadh,2037,K,Financial and insurance activities,376.62262213663325,1615.9532229630881,233.06529965393443,0.0031358450589535646,0.05071052940210297
Riyadh,2037,L,Real estate activities,385.3603720646282,1653.4437886584928,233.0652996539344,0.0032085975393612194,0.05188702783471987
Riyadh,2037,M_N,"Professional, scientific, technical, administration and support",387.74546497543867,1489.119837567932,260.3856688986927,0.003228456361906395,0.04673034728553423
Riyadh,2037,O-Q,"Public administration, defence, education, health and social work",878.2642773446664,3030.4391458619766,289.8141936108251,0.00321289908110446,0.09509877589509153
Riyadh,2037,R-U,Other services,478.45271021513224,5088.988740108048,94.01724677523532,0.0031952177869018668,0.15969850455139994
Riyadh,2038,A,Agriculture,120.98700211533277,412.8358957154079,293.0631841150175,0.0034349916789128128,0.010040215259034087
Riyadh,2038,B-E,Industry,1448.9736309812863,6682.6134256031,216.82739052805792,0.004113642597391796,0.16252190757224935
Riyadh,2038,F,Construction,1450.516722697455,7756.095228391295,187.0163632581274,0.004118023441652581,0.18862910534382915
Riyadh,2038,G-I,"Wholesale, retail, transport, accommodation and food",1103.4583643914068,8143.7956680227135,135.4968136939176,0.004113931933542325,0.19805802349343937
Riyadh,2038,J,Information and communication,477.92679129646393,1516.981460583128,315.05117479336155,0.004103846582757889,0.0368931591615232
Riyadh,2038,K,Financial and insurance activities,487.1587625985512,2083.777186970998,233.78639791459213,0.0039648953559800046,0.05067769476004047
Riyadh,2038,L,Real estate activities,501.6392165369996,2145.7160083379217,233.7863979145921,0.0040827491009620045,0.052184053838475526
Riyadh,2038,M_N,"Professional, scientific, technical, administration and support",505.62399979192776,1935.8378633093866,261.1912957046644,0.004115180517237423,0.04707979382590651
Riyadh,2038,O-Q,"Public administration, defence, education, health and social work",1130.5789587806482,3919.758266787381,288.4307862452106,0.00408976436130752,0.09532896041833905
Riyadh,2038,R-U,Other services,616.3180231294473,6520.820534585803,94.51540950414996,0.004060962222423574,0.15858708632716334
Riyadh,2039,A,Agriculture,148.567062691698,510.6654355014765,290.92836985492124,0.004177135842729933,0.009649424263525684
Riyadh,2039,B-E,Industry,1884.6129129438168,8618.835056936667,218.6621394299721,0.005232461062407254,0.16285965397297772
Riyadh,2039,F,Construction,1887.1801698461577,10006.318151870577,188.59885736227255,0.005239588824127676,0.1890772361916362
Riyadh,2039,G-I,"Wholesale, retail, transport, accommodation and food",1423.5795577017914,10464.659806237265,136.0368692399626,0.005232931690263013,0.19773796153774711
Riyadh,2039,J,Information and communication,617.5428928271848,1967.8452222766327,313.81680115712516,0.00521653796152857,0.03718398018470222
Riyadh,2039,K,Financial and insurance activities,627.0728761454645,2677.409405983845,234.2088119747377,0.004992931161390133,0.05059175242616886
Riyadh,2039,L,Real estate activities,650.8581643811241,2778.9653125917703,234.2088119747377,0.005182316337072524,0.05251073100039827
Riyadh,2039,M_N,"Professional, scientific, technical, administration and support",657.470148594079,2512.657811080224,261.6632259652675,0.0052349628208726365,0.047478641714541386
Riyadh,2039,O-Q,"Public administration, defence, education, health and social work",1451.4479149513813,5056.43642789456,287.04957249027393,0.005193684749919064,0.09554533548249093
Riyadh,2039,R-U,Other services,790.9037303829859,8328.062762778776,94.96851223526198,0.0051470787936211786,0.1573652832258116
Riyadh,2040,A,Agriculture,180.30063496534987,624.1603250597462,288.8691057831832,0.005022184298900802,0.009195186654698895
Riyadh,2040,B-E,Industry,2441.8079006429216,11076.722625375147,220.44498027323516,0.006638631694410024,0.16318328476405686
Riyadh,2040,F,Construction,2446.0470819350676,12864.684325962886,190.13658011013712,0.006650156910327697,0.1895236990907499
Riyadh,2040,G-I,"Wholesale, retail, transport, accommodation and food",1830.2693546599667,13406.659517095857,136.51941800461555,0.006639392409643066,0.19750812688052768
Riyadh,2040,J,Information and communication,794.9458978016297,2543.9750511791904,312.48179789858955,0.006612915927078528,0.03747807174102368
Riyadh,2040,K,Financial and insurance activities,802.9613264089367,3423.594838239651,234.5374859899615,0.006256264628136392,0.05043671041517075
Riyadh,2040,L,Real estate activities,841.6610128397484,3588.5991072479246,234.53748598996148,0.006557792823049421,0.05286756830766494
Riyadh,2040,M_N,"Professional, scientific, technical, administration and support",852.5553488786387,3253.650181276123,262.0304277899524,0.006642675926339042,0.04793307027816135
Riyadh,2040,O-Q,"Public administration, defence, education, health and social work",1857.2291506421157,6501.882745219688,285.64482372549503,0.006576082832989931,0.09578632772523346
Riyadh,2040,R-U,Other services,1010.6637335341683,10595.098485123295,95.38974413057635,0.006501238821090631,0.1560879541427125
Riyadh,2041,A,Agriculture,215.91482603061456,752.3997960503569,286.9682144573092,0.005961431607019112,0.008680026413085566
Riyadh,2041,B-E,Industry,3149.496539879042,14165.743246673475,222.3318949832466,0.008395836438634063,0.163422459957558
Riyadh,2041,F,Construction,3156.436989522192,16460.002253668747,191.764067882716,0.008414338087795013,0.1898900758231072
Riyadh,2041,G-I,"Wholesale, retail, transport, accommodation and food",2344.640137811894,17114.71383427985,136.9955793894553,0.008397057097155231,0.19744312653163906
Riyadh,2041,J,Information and communication,1019.4984073199952,3276.1428471338145,311.1886309267374,0.008354616597235926,0.03779507463377836
Riyadh,2041,K,Financial and insurance activities,1022.2231497377668,4351.3009510200045,234.92356912204468,0.0077916536962342724,0.050198587751358374
Riyadh,2041,L,Real estate activities,1084.5267200988956,4616.50878263081,234.92356912204468,0.008266547895624508,0.05325814597482295
Riyadh,2041,M_N,"Professional, scientific, technical, administration and support",1102.3401777572199,4200.002860334116,262.4617683402071,0.008402326754909588,0.04845314413176038
Riyadh,2041,O-Q,"Public administration, defence, education, health and social work",2366.7589829644066,8328.392873921883,284.17955526272954,0.008295725891975659,0.09608012987733087
Riyadh,2041,R-U,Other services,1285.3082634709815,13416.532936560121,95.80032856092872,0.008176599308947135,0.15477922890555929
Riyadh,2042,A,Agriculture,254.78172677205868,893.6654426023381,285.09743649719604,0.006977748117326013,0.00811180295381401
Riyadh,2042,B-E,Industry,4040.6832655736143,18019.166418514018,224.24362879638892,0.010576016043442315,0.16356000848967572
Riyadh,2042,F,Construction,4051.9342064432503,20949.65174627381,193.4129624452561,0.010605464065799049,0.1901600294870282
Riyadh,2042,G-I,"Wholesale, retail, transport, accommodation and food",2991.3824819738275,21768.167890452747,137.42003906933348,0.010577957845186671,0.19758970211346505
Riyadh,2042,J,Information and communication,1302.2343268628238,4204.0243833827935,309.75898522619246,0.010510531254227356,0.038159937472490385
Riyadh,2042,K,Financial and insurance activities,1292.5749442039782,5493.760430944791,235.28054425585634,0.00963276832470331,0.049866874074837246
Riyadh,2042,L,Real estate activities,1391.6592583566098,5914.893059934641,235.28054425585634,0.01037118294980825,0.053689495764045206
Riyadh,2042,M_N,"Professional, scientific, technical, administration and support",1420.530475686597,5404.121181475247,262.86058879582947,0.010586342425890464,0.04905321843374262
Riyadh,2042,O-Q,"Public administration, defence, education, health and social work",3000.721461617321,10618.279663254949,282.59958833081566,0.010417265526819644,0.09638214507433095
Riyadh,2042,R-U,Other services,1625.4490963142528,16902.804163324163,96.164463636227,0.010229647815420365,0.15342678613657068
Riyadh,2043,A,Agriculture,295.97769927250414,1044.7628825314002,283.2965299794794,0.0080460316421123,0.007506359282278566
Riyadh,2043,B-E,Industry,5153.259697452731,22771.80507292229,226.300009197796,0.013257044292330574,0.16360970823274912
Riyadh,2043,F,Construction,5171.293521505339,26494.098897637767,195.18661651732626,0.01330343729758581,0.19035345580427662
Riyadh,2043,G-I,"Wholesale, retail, transport, accommodation and food",3796.520187707309,27551.90500913842,137.79519733564987,0.013260101409486656,0.19795352741543026
Riyadh,2043,J,Information and communication,1654.3884220028992,5367.096073570254,308.2464705913828,0.013154114860007159,0.03856123920971521
Riyadh,2043,K,Financial and insurance activities,1620.4105727644842,6877.569221353055,235.6080354282052,0.011805229358755871,0.049413609946719436
Riyadh,2043,L,Real estate activities,1775.6453850370538,7536.43814316397,235.6080354282052,0.012936166538593346,0.05414741790423136
Riyadh,2043,M_N,"Professional, scientific, technical, administration and support",1821.9217392425123,6921.498986466677,263.2264691224894,0.013273305153006636,0.049729234291384115
Riyadh,2043,O-Q,"Public administration, defence, education, health and social work",3781.0729664175806,13460.529580213792,280.90075831604287,0.013008080151131574,0.09671052910494862
Riyadh,2043,R-U,Other services,2041.4973583701965,21157.999342884064,96.48820407288652,0.012716290005102696,0.15201491880826679
Riyadh,2044,A,Agriculture,338.35244796135055,1201.874101557555,281.52070797004995,0.009135258846067359,0.0068825391831866395
Riyadh,2044,B-E,Industry,6526.144185175995,28568.454416380475,228.4388259182148,0.01651817056108904,0.16359742394732363
Riyadh,2044,F,Construction,6554.667878383808,33267.12786928617,197.03137295586603,0.016590366212314314,0.19050440539131447
Riyadh,2044,G-I,"Wholesale, retail, transport, accommodation and food",4788.148438491187,34668.64722534867,138.1117759619486,0.01652292411661754,0.19853021431056322
Riyadh,2044,J,Information and communication,2087.9627360441177,6810.017911658147,306.6016511453972,0.016358440640200863,0.03899760803103181
Riyadh,2044,K,Financial and insurance activities,2010.8581110711516,8525.569480324113,235.8620284207344,0.014320505056478841,0.048821724281493666
Riyadh,2044,L,Real estate activities,2249.8120633678554,9538.678516554626,235.86202842073433,0.016022236900854345,0.05462329919658726
Riyadh,2044,M_N,"Professional, scientific, technical, administration and support",2323.0013682641925,8815.60202913654,263.5102356692618,0.01654346105141853,0.05048259739541976
Riyadh,2044,O-Q,"Public administration, defence, education, health and social work",4729.856900931738,16947.634524120273,279.08655300538226,0.016132868254711035,0.09705072979226576
Riyadh,2044,R-U,Other services,2543.452885276136,26282.94810401199,96.7719783644776,0.015685807397881626,0.15050945847081384
Riyadh,2045,A,Agriculture,380.65691406345934,1359.950520270844,279.9049732983291,0.010211896396765929,0.0062584732096861665
Riyadh,2045,B-E,Industry,8202.817182952538,35570.12219506162,230.60975551248956,0.0204326273286504,0.16369320317530459
Riyadh,2045,F,Construction,8247.263283278395,41463.57262851121,198.903827153751,0.0205433393662242,0.19081477936545294
Riyadh,2045,G-I,"Wholesale, retail, transport, accommodation and food",5993.338232692914,43288.66299092598,138.45052765776612,0.020439909809913816,0.19921381960123624
Riyadh,2045,J,Information and communication,2614.1593481552695,8570.278433390227,305.0261865437622,0.020188499575096365,0.03944030108113176
Riyadh,2045,K,Financial and insurance activities,2465.7347513778695,10441.190382385123,236.1545629450166,0.017169527643600455,0.048050211615328506
Riyadh,2045,L,Real estate activities,2826.0230514892555,11966.836533864613,236.15456294501664,0.019678305169233128,0.055071213794579556
Riyadh,2045,M_N,"Professional, scientific, technical, administration and support",2939.9179792356267,11142.930264320323,263.83706166135204,0.020471384031148194,0.051279608704264595
Riyadh,2045,O-Q,"Public administration, defence, education, health and social work",5865.833267639257,21157.00104286123,277.2525867799444,0.019845646377607336,0.09736422189660164
Riyadh,2045,R-U,Other services,3139.1386858563446,32336.945100091943,97.07591969927361,0.01917266599354391,0.14881416755641402
Riyadh,2046,A,Agriculture,421.6116669814753,1513.8346583002922,278.5057566688648,0.011243928272909345,0.005653570507088757
Riyadh,2046,B-E,Industry,10223.95985629326,43910.53812543856,232.83613211677417,0.025057159065532082,0.16398839987922342
Riyadh,2046,F,Construction,10292.04101802592,51249.03214678817,200.82410509816685,0.025224014229566338,0.1913947570649759
Riyadh,2046,G-I,"Wholesale, retail, transport, accommodation and food",7433.0553714888465,53535.23050173091,138.84418357456255,0.025068121924962616,0.1999327988662987
Riyadh,2046,J,Information and communication,3241.086454670013,10674.435229265522,303.6307200388552,0.024690681132815813,0.03986477113673909
Riyadh,2046,K,Financial and insurance activities,2982.263687932619,12609.058041752733,236.5175636480826,0.020317528265795574,0.0470898180829487
Riyadh,2046,L,Real estate activities,3512.68392912161,14851.683210927104,236.51756364808256,0.02393116856417516,0.0554651313613055
Riyadh,2046,M_N,"Professional, scientific, technical, administration and support",3686.5267681544187,13951.29541044483,264.24261401521534,0.025115522855228393,0.052102540945080975
Riyadh,2046,O-Q,"Public administration, defence, education, health and social work",7200.692173550512,26142.484000069526,275.44024406905487,0.024179340315175987,0.09763178278054374
Riyadh,2046,R-U,Other services,3831.5461707950194,39328.532119248084,97.42408283068852,0.023186831144806987,0.14687642937579518
Riyadh,2047,A,Agriculture,460.1796348713939,1660.0611226263034,277.2064405335664,0.01220450788146925,0.005086142336504015
Riyadh,2047,B-E,Industry,12604.162574759452,53606.82320743819,235.12235608489792,0.0304190140393124,0.16424210489881708
Riyadh,2047,F,Construction,12706.271453184323,62655.43363026345,202.79600214987607,0.0306654446441163,0.19196549407454394
Riyadh,2047,G-I,"Wholesale, retail, transport, accommodation and food",9126.840462261956,65553.27669890318,139.22782997077343,0.030435183588062936,0.20084398783303617
Riyadh,2047,J,Information and communication,3977.5300880758205,13160.609620473891,302.22992724349166,0.029880225248060867,0.04032184890818773
Riyadh,2047,K,Financial and insurance activities,3557.0537290772068,15015.59443341389,236.89063692089135,0.02370197221869547,0.04600520397389753
Riyadh,2047,L,Real estate activities,4318.276343549892,18228.987011386027,236.89063692089138,0.028774281673283046,0.055850487266102554
Riyadh,2047,M_N,"Professional, scientific, technical, administration and support",4578.032274666152,17297.824806157063,264.65941966510303,0.030505132071361286,0.05299756609975729
Riyadh,2047,O-Q,"Public administration, defence, education, health and social work",8740.441819789723,31949.526780482734,273.570306059402,0.029134077714022894,0.09788786603977499
Riyadh,2047,R-U,Other services,4620.0102354176115,47260.904283659445,97.75543454878391,0.027704189682236716,0.14479929856937881
Riyadh,2048,A,Agriculture,495.4862615271877,1795.0837938186617,276.0240292031969,0.013074395810989597,0.004567932097251794
Riyadh,2048,B-E,Industry,15357.120801430614,64685.76166016267,237.41114593520263,0.036502158990361154,0.16460522229665106
Riyadh,2048,F,Construction,15506.736739028041,75727.53935765321,204.7701123073781,0.03685777934474194,0.19270312554148492
Riyadh,2048,G-I,"Wholesale, retail, transport, accommodation and food",11073.1325983693,79306.63028852493,139.62429822177805,0.036525457584052165,0.20181080307632165
Riyadh,2048,J,Information and communication,4821.113744016049,16023.749854975047,300.8730033637658,0.03572865349667918,0.04077547885670926
Riyadh,2048,K,Financial and insurance activities,4177.275774516607,17607.476687005445,237.24443023681485,0.02723521650589399,0.04480557296943087
Riyadh,2048,L,Real estate activities,5239.070273020761,22083.006407320827,237.24443023681485,0.034157958649935025,0.056194409486161306
Riyadh,2048,M_N,"Professional, scientific, technical, administration and support",5617.659359636801,21194.340906561247,265.0546853239353,0.03662630316375867,0.05393303111562597
Riyadh,2048,O-Q,"Public administration, defence, education, health and social work",10472.189318162415,38544.54648822002,271.69055734934966,0.03466645828600905,0.09808392883042233
Riyadh,2048,R-U,Other services,5494.1678789293765,56007.01296013956,98.0978557603063,0.032659610521550295,0.1425204957299409
Riyadh,2049,A,Agriculture,527.0692987903273,1917.1867570420754,274.9180781967815,0.013842806804783971,0.0041077264004878225
Riyadh,2049,B-E,Industry,18449.417790989748,76913.04136818502,239.87372574011002,0.04323585420220007,0.16479236016492677
Riyadh,2049,F,Construction,18662.793688177895,90204.56368622066,206.89411849601086,0.043735896495436875,0.19327051281642138
Riyadh,2049,G-I,"Wholesale, retail, transport, accommodation and food",13265.127849897162,94746.4627331483,140.00657615322436,0.0432685594722401,0.20300189582065195
Riyadh,2049,J,Information and communication,5769.63086059656,19263.10766162362,299.5171372109882,0.042154417496419454,0.041272753218456554
Riyadh,2049,K,Financial and insurance activities,4832.215036562881,20336.49131951074,237.6130159644046,0.03081239878109535,0.04357256379932963
Riyadh,2049,L,Real estate activities,6270.602827344875,26389.980371631813,237.61301596440464,0.03998421292348876,0.056542649631148266
Riyadh,2049,M_N,"Professional, scientific, technical, administration and support",6807.891557238922,25645.01410565144,265.4664773897962,0.04341021000367234,0.054946499654104974
Riyadh,2049,O-Q,"Public administration, defence, education, health and social work",12374.030943640339,45876.99100043568,269.72193846633985,0.04068305188420956,0.09829513291557547
Riyadh,2049,R-U,Other services,6439.650445003989,65434.14573788966,98.41422047136328,0.03794555192417071,0.14019790557889725
Riyadh,2050,A,Agriculture,554.7087941197548,2025.2744492317458,273.89314783000117,0.01450681011939893,0.0037068951975006313
Riyadh,2050,B-E,Industry,21838.66288333746,90096.34455901792,242.39233001325564,0.05048961716709886,0.16490491305258628
Riyadh,2050,F,Construction,22134.284956339776,105872.01020199602,209.06644649619088,0.051173076835475326,0.1937793894138094
Riyadh,2050,G-I,"Wholesale, retail, transport, accommodation and food",15668.655813835798,111616.99193334614,140.37876798536718,0.05053423758946102,0.2042945298174959
Riyadh,2050,J,Information and communication,6807.683590163988,22833.702552941686,298.1419055617394,0.049020559205726254,0.041792924591906554
Riyadh,2050,K,Financial and insurance activities,5504.680344774701,23133.3748946591,237.95405425455624,0.03432336342836237,0.04234142011297405
Riyadh,2050,L,Real estate activities,7394.874716944779,31076.901547699454,237.95405425455627,0.04610930272415161,0.056880595686212204
Riyadh,2050,M_N,"Professional, scientific, technical, administration and support",8135.547736348336,30602.311306434003,265.8474928538444,0.050727625248674385,0.05601194487851801
Riyadh,2050,O-Q,"Public administration, defence, education, health and social work",14402.805987640488,53802.405932621354,267.698177023489,0.04704145958077401,0.0984754832814228
Riyadh,2050,R-U,Other services,7432.6241576933035,75293.98945340954,98.71470766325201,0.043418373260297655,0.13781190396757415
Riyadh,2051,A,Agriculture,579.3051241882667,2124.7835988784236,272.64194080472737,0.01506977221803343,0.003370039803998337
Riyadh,2051,B-E,Industry,25503.03758679151,104179.36876577795,244.79930996826164,0.05807816310906038,0.16523500072262254
Riyadh,2051,F,Construction,25901.06443396072,122671.0150170622,211.14249711195563,0.05898459114034913,0.19456390929532572
Riyadh,2051,G-I,"Wholesale, retail, transport, accommodation and food",18230.7301582202,129526.57792687713,140.74895245446976,0.05813722749166851,0.20543726124377182
Riyadh,2051,J,Information and communication,7907.114937447874,26645.280701428506,296.7547996979427,0.056142301638985,0.04226108324627592
Riyadh,2051,K,Financial and insurance activities,6176.044891098121,25916.608350294067,238.30451915703867,0.03766589583939863,0.041105363280867516
Riyadh,2051,L,Real estate activities,8584.678493850732,36023.98529502318,238.30451915703873,0.052355449428511926,0.057136295859475585
Riyadh,2051,M_N,"Professional, scientific, technical, administration and support",9574.715787396637,35962.85424441908,266.23903993611674,0.058393398023990774,0.05703933818627781
Riyadh,2051,O-Q,"Public administration, defence, education, health and social work",16517.807185862872,62133.02836120232,265.8458411175251,0.05356087900055952,0.09854687264657787
Riyadh,2051,R-U,Other services,8449.16043459067,85308.63505964189,99.04226493230847,0.0489124709738422,0.1353048357148069
Riyadh,2052,A,Agriculture,600.541361675953,2212.782674946413,271.39644958151905,0.015539415694948778,0.003088071459496088
Riyadh,2052,B-E,Industry,29323.269409504974,118607.1540644444,247.23019147371474,0.06577763874171928,0.165523425099727
Riyadh,2052,F,Construction,29842.771119148627,139949.76665139274,213.2391631169014,0.06694297932176965,0.19530832605139103
Riyadh,2052,G-I,"Wholesale, retail, transport, accommodation and food",20885.003948335147,147997.983936194,141.11681384348617,0.0658534271545614,0.20654009787354696
Riyadh,2052,J,Information and communication,9042.157022316109,30612.553954113147,295.3741473471929,0.06330492062803501,0.04272166229350573
Riyadh,2052,K,Financial and insurance activities,6832.573150276342,28629.43926956032,238.65550023331892,0.0407570056802738,0.03995410634342876
Riyadh,2052,L,Real estate activities,9812.129642453428,41114.19863720177,238.65550023331895,0.05853036839523378,0.05737733977633859
Riyadh,2052,M_N,"Professional, scientific, technical, administration and support",11094.923969162697,41611.50487901766,266.6311636990866,0.06618236926085175,0.058071360580717
Riyadh,2052,O-Q,"Public administration, defence, education, health and social work",18650.622192557148,70644.60434236705,264.00632243858405,0.060041323070465315,0.09858879902986413
Riyadh,2052,R-U,Other services,9457.937318796488,95178.1301349154,99.37090910894995,0.05425967013388918,0.13282681149198466
Riyadh,2053,A,Agriculture,618.7586408473145,2290.369847698348,270.15664804927513,0.015925954825723416,0.00285522500727898
Riyadh,2053,B-E,Industry,33196.65338664858,132954.02293728577,249.68521187438904,0.07335084485342394,0.1657433848469342
Riyadh,2053,F,Construction,33853.935946132624,157199.39954552607,215.356649223894,0.07480316688372131,0.19596820014142105
Riyadh,2053,G-I,"Wholesale, retail, transport, accommodation and food",23557.448610186213,166504.564075746,141.4822995450713,0.07344511679768237,0.20756822119925522
Riyadh,2053,J,Information and communication,10181.860842823122,34632.189339738536,293.9999184845064,0.07028875385380176,0.04317324259180749
Riyadh,2053,K,Financial and insurance activities,7462.565900224929,31223.210847650535,239.0069982436309,0.04353978519936051,0.03892353565051712
Riyadh,2053,L,Real estate activities,11046.564822697044,46218.583153940825,239.0069982436309,0.06445036010422964,0.05761709383082794
Riyadh,2053,M_N,"Professional, scientific, technical, administration and support",12658.413790115914,47405.55227335285,267.0238649921043,0.07385457291166539,0.059096795424009
Riyadh,2053,O-Q,"Public administration, defence, education, health and social work",20740.210955173134,79106.90347713303,262.1795322979414,0.06628751284219227,0.0986163912711719
Riyadh,2053,R-U,Other services,10431.987867011487,104633.10435548922,99.70064379977663,0.05930925410420759,0.13043791003677707
Riyadh,2054,A,Agriculture,634.3438829387821,2358.8351991391837,268.92251021617574,0.016240574996100505,0.002665091128793339
Riyadh,2054,B-E,Industry,37021.04049909094,146812.990019029,252.164610871916,0.08057575153125301,0.1658742405718409
Riyadh,2054,F,Construction,37827.918335688584,173925.3322086416,217.4951621786184,0.08233190930535349,0.1965066741885322
Riyadh,2054,G-I,"Wholesale, retail, transport, accommodation and food",26175.46547131416,184535.22952235874,141.8453567866979,0.08068953761965404,0.20849409205414435
Riyadh,2054,J,Information and communication,11296.622266474342,38603.498775642904,292.63208322459127,0.07689543469402295,0.04361552776764369
Riyadh,2054,K,Financial and insurance activities,8058.200740844097,33665.75007093729,239.35901394932884,0.04598501238598803,0.03803669365751846
Riyadh,2054,L,Real estate activities,12259.69059267314,51218.83813938362,239.35901394932884,0.06996127819141437,0.05786876132855214
Riyadh,2054,M_N,"Professional, scientific, technical, administration and support",14226.323400970614,53198.995220561665,267.4171446657713,0.08118408548509029,0.06010600921793025
Riyadh,2054,O-Q,"Public administration, defence, education, health and social work",22732.405856552818,87309.63243943262,260.3653826205541,0.07213160266399003,0.0986453512977314
Riyadh,2054,R-U,Other services,11349.273850689331,113457.03060298061,100.03147262335611,0.06394375493576396,0.12818755878731328
Riyadh,2055,A,Agriculture,647.6882551265242,2419.509702964638,267.69401020913796,0.016494346335110256,0.002511257405605963
Riyadh,2055,B-E,Industry,40706.680391535636,159841.753198705,254.66863054818788,0.08727027795542379,0.16590294552381682
Riyadh,2055,F,Construction,41669.436676997866,189704.09780083364,219.65491077976466,0.08933431284668676,0.19689766893367322
Riyadh,2055,G-I,"Wholesale, retail, transport, accommodation and food",28676.226605173397,201652.8148436647,142.20593264420933,0.08740378542761817,0.20929948080677
Riyadh,2055,J,Information and communication,12361.47597218323,42439.832480496225,291.2706118211967,0.08296893983807326,0.04404914908120965
Riyadh,2055,K,Financial and insurance activities,8615.511749232472,35941.1626893134,239.7115481128876,0.04808830037022983,0.037304050014362
Riyadh,2055,L,Real estate activities,13428.517730734002,56019.48607169353,239.71154811288764,0.07495255220562168,0.05814374254560968
Riyadh,2055,M_N,"Professional, scientific, technical, administration and support",15763.309105267292,58859.82612746842,267.81100357194134,0.08798441289925732,0.061091788172690266
Riyadh,2055,O-Q,"Public administration, defence, education, health and social work",24585.332725252476,95084.20769674281,258.56378594081366,0.07744937124734169,0.09868979671461593
Riyadh,2055,R-U,Other services,12194.428211386012,121502.74210858924,100.36339921026331,0.06808730942584958,0.12611012080164644
Riyadh,2056,A,Agriculture,659.1603631984631,2473.6652796563717,266.471122273273,0.016697544678804795,0.002387717540449597
Riyadh,2056,B-E,Industry,44184.752436606075,171793.07649912368,257.1975153889945,0.09330781627703445,0.1658241094533772
Riyadh,2056,F,Construction,45303.98157370241,204222.75891483697,221.8361058994147,0.09567136526027077,0.1971270194194196
Riyadh,2056,G-I,"Wholesale, retail, transport, accommodation and food",31012.514483085168,217534.0206984941,142.5639740556676,0.09346046288602838,0.20997578012594886
Riyadh,2056,J,Information and communication,13358.223181916072,46076.26825468377,289.91547466646614,0.08840710503659967,0.04447534386117606
Riyadh,2056,K,Financial and insurance activities,9133.838141044984,38047.41758698928,240.06460149790553,0.0498645360734237,0.03672545638587153
Riyadh,2056,L,Real estate activities,14536.994624151843,60554.51130007051,240.0646014979055,0.07936209090215539,0.058450538952714313
Riyadh,2056,M_N,"Professional, scientific, technical, administration and support",17241.10708574576,64283.21111212883,268.2054425637231,0.09412470343212931,0.06204968472944589
Riyadh,2056,O-Q,"Public administration, defence, education, health and social work",26272.06660329776,102315.653242889,256.7746553983291,0.08216704495467343,0.09876068598276229
Riyadh,2056,R-U,Other services,12959.145869096652,128695.19037608027,100.69642720312012,0.0717060469127236,0.12422366354883463
Riyadh,2057,A,Agriculture,669.0914693235285,2522.4574235267955,265.2538207713462,0.016859297140507046,0.0022890938310981615
Riyadh,2057,B-E,Industry,47411.18809804308,182525.16675184836,259.7515123078936,0.09862144598707613,0.16563896354993557
Riyadh,2057,F,Construction,48682.44541434527,217294.55138029988,224.0389605036312,0.10126582677112457,0.1971916800087877
Riyadh,2057,G-I,"Wholesale, retail, transport, accommodation and food",33155.13756549745,231984.81877257765,142.91942783549348,0.0987919990215497,0.21052288637572375
Riyadh,2057,J,Information and communication,14276.125381024012,49472.542175066854,288.5666422902942,0.0931627051138002,0.04489562045544915
Riyadh,2057,K,Financial and insurance activities,9615.005789842826,39992.84078700653,240.41817486910537,0.051341451720885695,0.03629292779325878
Riyadh,2057,L,Real estate activities,15576.258373419108,64788.189919083845,240.41817486910534,0.08317287942933328,0.05879435049668163
Riyadh,2057,M_N,"Professional, scientific, technical, administration and support",18640.39774028301,69398.2339684041,268.60046249548196,0.09953452983375595,0.06297789916472427
Riyadh,2057,O-Q,"Public administration, defence, education, health and social work",27780.487136828506,108943.98197442434,254.9979047337396,0.08625909840404221,0.0988650966898173
Riyadh,2057,R-U,Other services,13641.455035808976,135023.05640152123,101.03056025663544,0.07480226865343627,0.12253148163452364
Riyadh,2058,A,Agriculture,677.7694095532136,2566.8992195594556,264.0420801832398,0.016987457300918284,0.0022107254840106464
Riyadh,2058,B-E,Industry,50365.98432929245,191994.11872722043,262.3308706703196,0.10319835650181067,0.16535370294875756
Riyadh,2058,F,Construction,51780.9706182489,228852.3213469476,226.26368967325115,0.10609761999159371,0.1970975934783762
Riyadh,2058,G-I,"Wholesale, retail, transport, accommodation and food",35092.14124836825,244933.28979594904,143.2722406888957,0.10338513063227449,0.21094722438203123
Riyadh,2058,J,Information and communication,15111.348177699743,52611.70266684325,287.2240853596848,0.09723625226039641,0.04531149137313734
Riyadh,2058,K,Financial and insurance activities,10062.470674521586,41792.48181958142,240.77226899233636,0.05255370574226008,0.03599350683290831
Riyadh,2058,L,Real estate activities,16543.8076946252,68711.43327204256,240.77226899233634,0.08640406810241041,0.05917728106344266
Riyadh,2058,M_N,"Professional, scientific, technical, administration and support",19950.937230271484,74168.13806518659,268.9960642228412,0.10419863256216039,0.06387683305715004
Riyadh,2058,O-Q,"Public administration, defence, education, health and social work",29111.054844896986,114957.38435068504,253.23344828455566,0.08973970256193191,0.09900630972293598
Riyadh,2058,R-U,Other services,14244.320696318171,140523.928287255,101.36580203764542,0.07740526250457844,0.12102533165724995
Riyadh,2059,A,Agriculture,685.4381829387117,2607.8562626346074,262.8358751054179,0.01708862621940412,0.0021486696763233044
Riyadh,2059,B-E,Industry,53049.33130893687,200234.63358074552,264.9358423179299,0.10706814947459584,0.16497768358214823
Riyadh,2059,F,Construction,54597.27717864753,238926.76546626104,228.5105106248853,0.11019233022612293,0.19685697527697493
Riyadh,2059,G-I,"Wholesale, retail, transport, accommodation and food",36825.812283532534,256407.23688039795,143.6223592265848,0.10726921447688519,0.21125951708633342
Riyadh,2059,J,Information and communication,15865.607646347995,55495.92900295008,285.88777467811383,0.10066418276151352,0.04572430678658808
Riyadh,2059,K,Financial and insurance activities,10480.57164950988,43464.9652003469,241.12688463457536,0.0535382056505842,0.03581173320268932
Riyadh,2059,L,Real estate activities,17442.07329264313,72335.66393509528,241.12688463457533,0.08909984475491466,0.059598931828026704
Riyadh,2059,M_N,"Professional, scientific, technical, administration and support",21170.383605452607,78585.71920781561,269.39224860268433,0.10814527957771101,0.0647484887389094
Riyadh,2059,O-Q,"Public administration, defence, education, health and social work",30273.53165687856,120380.89343768627,251.48120098102854,0.09265127430967435,0.09918444472739132
Riyadh,2059,R-U,Other services,14774.040964919213,145267.72600781123,101.70215622515352,0.07956145468735103,0.11968924909461537
Riyadh,2060,A,Agriculture,692.3008445828233,2646.0541121429774,261.6351802503937,0.017168255220831413,0.0020996517603633553
Riyadh,2060,B-E,Industry,55476.23480719859,207336.10955172646,267.566681593195,0.11028902260360317,0.16452181586513565
Riyadh,2060,F,Construction,57145.20439804733,247618.04690189863,230.7796427321274,0.11360700237583454,0.19648565223567668
Riyadh,2060,G-I,"Wholesale, retail, transport, accommodation and food",38368.69711273279,266505.3071789776,143.96972997976897,0.11050238450877087,0.21147274910086236
Riyadh,2060,J,Information and communication,16544.513021534072,58141.15771763027,284.55768118489397,0.10350599702203264,0.046135180528307194
Riyadh,2060,K,Financial and insurance activities,10873.957663335921,45030.091879643645,241.4820225639294,0.054330862680142915,0.035731511026373376
Riyadh,2060,L,Real estate activities,18276.8323293572,75686.09926032333,241.4820225639294,0.09131873585110782,0.060057143509537836
Riyadh,2060,M_N,"Professional, scientific, technical, administration and support",22302.429340701437,82666.18719545648,269.7890164931573,0.11143231042997373,0.06559586392089933
Riyadh,2060,O-Q,"Public administration, defence, education, health and social work",31283.561972010302,125263.98211976918,249.74107834204904,0.09505306624005505,0.09939734012275771
Riyadh,2060,R-U,Other services,15238.772767940583,149341.71447983285,102.03962651037082,0.08132575064662206,0.11850309193008648
Riyadh,2061,A,Agriculture,698.5240337836698,2682.092278642645,260.4399704461993,0.017230786252451852,0.0020609902839813666
Riyadh,2061,B-E,Industry,57671.05410185452,213419.71767170995,270.2236453642313,0.11293488850021749,0.16399732702487146
Riyadh,2061,F,Construction,59448.9988132005,255067.85643796736,233.07130754697243,0.11641656558870603,0.1960008527896913
Riyadh,2061,G-I,"Wholesale, retail, transport, accommodation and food",39739.64251577685,275368.71035476157,144.31429941542626,0.11315862558142319,0.21160056313978123
Riyadh,2061,J,Information and communication,17155.985633732507,60571.82119580933,283.23377595454315,0.105832842576612,0.04654498130496751
Riyadh,2061,K,Financial and insurance activities,11247.19535416509,46507.20759925176,241.83768354963632,0.05496463199470842,0.03573736211852879
Riyadh,2061,L,Real estate activities,19055.7749492573,78795.72227769114,241.83768354963632,0.09312487464459641,0.060548706443389645
Riyadh,2061,M_N,"Professional, scientific, technical, administration and support",23354.792063311277,86439.56455332492,270.1863687536696,0.11413401391640833,0.06642243598946626
Riyadh,2061,O-Q,"Public administration, defence, education, health and social work",32159.713288134233,129669.46791389197,248.01299647107476,0.09701161366668365,0.09964143129139975
Riyadh,2061,R-U,Other services,15647.362953478372,152838.79201675835,102.37821659675694,0.08275493752111186,0.11744534961392261
Riyadh,2062,A,Agriculture,704.2430579711021,2716.460785428909,259.2502206358585,0.017279801880433054,0.0020305135485326176
Riyadh,2062,B-E,Industry,59662.84115499584,218619.6860997652,272.90699304988124,0.11508509918936478,0.1634149246632438
Riyadh,2062,F,Construction,61538.343753226836,261436.1714337684,235.3857288214489,0.11870280157109676,0.19541960297024705
Riyadh,2062,G-I,"Wholesale, retail, transport, accommodation and food",40960.47023815232,283157.741729195,144.6560139518484,0.11531744962616323,0.21165614980974187
Riyadh,2062,J,Information and communication,17708.967623835655,62816.46209161612,281.9160301961547,0.10771874716821171,0.046954359890666694
Riyadh,2062,K,Financial and insurance activities,11604.530790165605,47914.22205956692,242.19386836206715,0.05546854756851288,0.03581515977746375
Riyadh,2062,L,Real estate activities,19787.374635035605,81700.55984016291,242.19386836206712,0.094581758715278,0.06106993871143154
Riyadh,2062,M_N,"Professional, scientific, technical, administration and support",24337.431012987912,89943.98585319628,270.5843062448966,0.11633059313206888,0.06723177557488828
Riyadh,2062,O-Q,"Public administration, defence, education, health and social work",32921.240871771384,133664.87603955227,246.29687205208484,0.09859374934186402,0.09991248289578765
Riyadh,2062,R-U,Other services,16008.529374878613,155849.41542045635,102.71793020006015,0.08390326613085042,0.11649509215799672
Riyadh,2063,A,Agriculture,709.566892754904,2749.556902311155,258.065905876861,0.0173181688790096,0.002006477729126605
Riyadh,2063,B-E,Industry,61481.84520322867,223069.86935608982,275.616986645042,0.11681725220831596,0.16278431063781795
Riyadh,2063,F,Construction,63444.57189425525,266884.3003168463,237.72313252946523,0.12054648867029522,0.19475770964738837
Riyadh,2063,G-I,"Wholesale, retail, transport, accommodation and food",42053.521567690776,290034.64796259796,144.99481997445312,0.11705665989080069,0.21165157968648263
Riyadh,2063,J,Information and communication,18212.4895666855,64904.50105811581,280.6044152527719,0.10923470201063765,0.047363790065125935
Riyadh,2063,K,Financial and insurance activities,11949.767809831803,49267.11747942678,242.55057777272742,0.055867443525266916,0.03595247434873675
Riyadh,2063,L,Real estate activities,20480.09397643933,84436.38503978089,242.55057777272742,0.09574834522554526,0.06161710127470812
Riyadh,2063,M_N,"Professional, scientific, technical, administration and support",25261.161154273334,93220.52312404604,270.98282982878123,0.1181007461088816,0.06802728955662217
Riyadh,2063,O-Q,"Public administration, defence, education, health and social work",33586.59537983496,137316.46955558393,244.59262234556314,0.09986212286709914,0.10020612331171568
Riyadh,2063,R-U,Other services,16330.35630691495,158456.73435453858,103.05877104835847,0.08481990107840177,0.11563314374227575
Riyadh,2064,A,Agriculture,714.5827594389176,2781.700731098342,256.8870013406395,0.017348167345166567,0.001987491941274694
Riyadh,2064,B-E,Industry,63157.18152367644,226895.27117568452,278.3538907462464,0.1182027993286725,0.16211396069085865
Riyadh,2064,F,Construction,65198.09891567039,271563.98448683164,240.08374688887324,0.12202250982100696,0.1940292227248017
Riyadh,2064,G-I,"Wholesale, retail, transport, accommodation and food",43040.05055313172,296152.57656157546,145.33066385185717,0.11844792825371078,0.21159747801894624
Riyadh,2064,J,Information and communication,18675.07337395313,66864.11296304893,279.2989026007647,0.11044521162229849,0.04777360993181635
Riyadh,2064,K,Financial and insurance activities,12286.226476759408,50579.79135197637,242.90781255425904,0.05618210037551614,0.036138656678468745
Riyadh,2064,L,Real estate activities,21141.887484598137,87036.67149394634,242.907812554259,0.09667701039325556,0.06218666201424516
Riyadh,2064,M_N,"Professional, scientific, technical, administration and support",26136.691394591697,96309.6194208728,271.381940368536,0.11951710496241362,0.06881207253040418
Riyadh,2064,O-Q,"Public administration, defence, education, health and social work",34172.558443358575,140685.6122036839,242.90016518450886,0.10087276662484268,0.10051818924378511
Riyadh,2064,R-U,Other services,16620.034312884593,160734.18671503224,103.40074288210057,0.08554776905393803,0.11484265622539921
Riyadh,2065,A,Agriculture,719.360133499463,2813.1490252110425,255.71348231204942,0.017371602257638535,0.0019724526257657807
Riyadh,2065,B-E,Industry,64715.47221576458,230207.52327716848,281.11797257749714,0.11930484290206286,0.161411084051981
Riyadh,2065,F,Construction,66826.89641257536,275611.4245090953,242.46780238375072,0.1231973144158342,0.193246242233196
Riyadh,2065,G-I,"Wholesale, retail, transport, accommodation and food",43939.314417646885,301649.46500159346,145.6634919522061,0.11955457075563211,0.21150293637877926
Riyadh,2065,J,Information and communication,19104.403566001514,68721.00867203115,277.9994638492092,0.11140670282404627,0.04818405736263899
Riyadh,2065,K,Financial and insurance activities,12616.751754431967,51864.107090542915,243.26557348044173,0.05642962129380139,0.03636476180143514
Riyadh,2065,L,Real estate activities,21779.934818909936,89531.51285363038,243.26557348044173,0.09741282840117989,0.06277543991956762
Riyadh,2065,M_N,"Professional, scientific, technical, administration and support",26974.031533882437,99248.91048587048,271.78163872864457,0.12064391959597308,0.06958883882006996
Riyadh,2065,O-Q,"Public administration, defence, education, health and social work",34693.845398164056,143826.91719529624,241.21941897047554,0.10167413866409253,0.10084491718542249
Riyadh,2065,R-U,Other services,16883.770584904454,162744.78606432324,103.74384945414666,0.08612334431031513,0.11410926962114377
Riyadh,2066,A,Agriculture,723.9541519242911,2844.1070533559646,254.54532418885074,0.017389897287781935,0.001960487794783612
Riyadh,2066,B-E,Industry,66180.2068351403,233103.1767697839,283.9095020163575,0.12017745329371136,0.1606816917960968
Riyadh,2066,F,Construction,68355.74544252912,279144.85756793956,244.87553178690527,0.12412804066539226,0.19241894765979503
Riyadh,2066,G-I,"Wholesale, retail, transport, accommodation and food",44768.17282658168,306645.4964477536,145.99325065975427,0.12043085301394749,0.21137557125418802
Riyadh,2066,J,Information and communication,19507.190788722914,70497.87789839928,276.70607073927033,0.11216718779181728,0.04859529778067708
Riyadh,2066,K,Financial and insurance activities,12943.75038120576,53130.06004725864,243.62386132619517,0.056623906684639375,0.03662338734256299
Riyadh,2066,L,Real estate activities,22400.535738122293,91947.21574554453,243.6238613261952,0.09799368868879633,0.06338066424777236
Riyadh,2066,M_N,"Professional, scientific, technical, administration and support",27782.181583840516,102072.10307866138,272.18192577486434,0.12153630989232259,0.07035990858272546
Riyadh,2066,O-Q,"Public administration, defence, education, health and social work",35163.02102343058,146787.62928521048,239.55030266963655,0.1023071223276847,0.10118302519566202
Riyadh,2066,R-U,Other services,17126.80673514736,164541.45704667893,104.08809452980981,0.0865769957761615,0.11342101834573669
Riyadh,2067,A,Agriculture,728.408449862199,2874.738558224899,253.38250248119203,0.017404172185430514,0.0019509106608800978
Riyadh,2067,B-E,Industry,67571.58608156886,235663.7961827068,286.7287516203022,0.1208659353154404,0.15993072171412012
Riyadh,2067,F,Construction,69806.02060509207,282264.4428527897,247.3071701826015,0.1248626894875377,0.19155575353917378
Riyadh,2067,G-I,"Wholesale, retail, transport, accommodation and food",45541.023150307235,311242.8821082947,146.31988639168804,0.12112225105932198,0.21122166225893577
Riyadh,2067,J,Information and communication,19889.160279819935,72214.27096461583,275.4186951435873,0.11276668408555102,0.049007444760314586
Riyadh,2067,K,Financial and insurance activities,13269.240984963357,54385.9963966423,243.98267686758015,0.056776145464333405,0.036908476379261534
Riyadh,2067,L,Real estate activities,23009.108684330717,94306.32116893589,243.98267686758012,0.09845088375036588,0.06399997899999153
Riyadh,2067,M_N,"Professional, scientific, technical, administration and support",28569.01715535194,104808.58259036356,272.58280237422724,0.12224050159488287,0.07112722669762724
Riyadh,2067,O-Q,"Public administration, defence, education, health and social work",35590.6039238125,149607.77933297542,237.8927358088784,0.102805576288252,0.10152972374347823
Riyadh,2067,R-U,Other services,17353.496720678115,166167.94161351578,104.43348188689733,0.08693362390601418,0.1127681012462171
Riyadh,2068,A,Agriculture,732.7574869330543,2905.173982825126,252.22499281109728,0.017415305730427398,0.0019431816701117198
Riyadh,2068,B-E,Industry,68906.65896457704,237957.08125307743,289.57599665332884,0.12140761420670515,0.15916218488044284
Riyadh,2068,F,Construction,71195.80102196771,285053.48611429037,249.76295498951453,0.12544088588094057,0.19066352393810376
Riyadh,2068,G-I,"Wholesale, retail, transport, accommodation and food",46269.93547904379,315527.0038673465,146.64334561518717,0.12166623594940056,0.21104632423565386
Riyadh,2068,J,Information and communication,20255.11338282865,73886.74475526092,274.1373090656621,0.11323802957362004,0.049420574781902364
Riyadh,2068,K,Financial and insurance activities,13594.907988116538,55638.84566008821,244.3420208818003,0.05689527736288113,0.0372151154017017
Riyadh,2068,L,Real estate activities,23610.249274431502,96627.87100321517,244.34202088180024,0.09880991340653038,0.06463141583444017
Riyadh,2068,M_N,"Professional, scientific, technical, administration and support",29341.299113690493,107483.47946463525,272.98426939504236,0.12279460462107605,0.07189239899925152
Riyadh,2068,O-Q,"Public administration, defence, education, health and social work",35985.26973485641,152320.7693773533,236.2466384719208,0.10319714976221522,0.1018826854368137
Riyadh,2068,R-U,Other services,17567.412516552824,167659.9537002725,104.780015315752,0.08721340780659802,0.11214259482157836
Riyadh,2069,A,Agriculture,737.0284340048147,2935.517186223566,251.0727709119545,0.017423986415501344,0.0019368777781356304
Riyadh,2069,B-E,Industry,70199.61665710421,240038.47827568912,292.4515151128333,0.12183284898273342,0.1583793127328897
Riyadh,2069,F,Construction,72540.15949827775,287580.3224183992,252.24312598391003,0.1258949082372615,0.18974780271610242
Riyadh,2069,G-I,"Wholesale, retail, transport, accommodation and food",46964.890426249396,319568.23634347564,146.96357486471524,0.122093288257178,0.21085368482136127
Riyadh,2069,J,Information and communication,20609.025711522125,75529.14815775481,272.86188463925015,0.11360785202438972,0.04983473759064125
Riyadh,2069,K,Financial and insurance activities,13922.153794243239,56894.34420915495,244.70189414720426,0.05698840423873498,0.03753934452077818
Riyadh,2069,L,Real estate activities,24207.818464316322,98927.79354520945,244.70189414720429,0.0990913449722712,0.06527335144108154
Riyadh,2069,M_N,"Professional, scientific, technical, administration and support",30104.754052633023,110117.99421406632,273.38632770689793,0.12322963234097797,0.07265673557185892
Riyadh,2069,O-Q,"Public administration, defence, education, health and social work",36354.09371034604,154954.15561181647,234.61193129546342,0.10350417979564716,0.10223999438422651
Riyadh,2069,R-U,Other services,17771.457113630568,169046.38213367134,105.12769861929377,0.08743255427803265,0.11153815844292451
Riyadh,2070,A,Agriculture,741.242690873516,2965.850878223575,249.9258126280073,0.017430752936353523,0.0019316678066943456
Riyadh,2070,B-E,Industry,71462.15211866915,241952.9376824358,295.35558775675423,0.1221660911169065,0.1575846931104715
Riyadh,2070,F,Construction,73851.52998910083,289900.4178167365,254.74792532305636,0.12625078414640203,0.1888130345175149
Riyadh,2070,G-I,"Wholesale, retail, transport, accommodation and food",47634.05620602956,323424.0071964573,147.2805207595342,0.12242795918710697,0.2106470514753849
Riyadh,2070,J,Information and communication,20954.158396507566,77152.96469845505,271.5923941277549,0.11389754750553498,0.050249963406216916
Riyadh,2070,K,Financial and insurance activities,14252.146384341171,58157.23811060511,245.06229744328692,0.05706114295982926,0.03787798820546257
Riyadh,2070,L,Real estate activities,24805.040960897295,101219.32757378869,245.06229744328692,0.09931163701414722,0.06592445962982696
Riyadh,2070,M_N,"Professional, scientific, technical, administration and support",30864.188957497987,112729.844578082,273.7889781806627,0.12357057322803999,0.07342129478727048
Riyadh,2070,O-Q,"Public administration, defence, education, health and social work",36702.796512974775,157530.48294701002,232.9885354653603,0.10374456342299888,0.10260008846567945
Riyadh,2070,R-U,Other services,17967.973059078435,170350.42869623195,105.4765356130617,0.08760399006781056,0.11094975859547794
